## 一、字符集

**1、字符集在什么时候可以发挥作用**

​	1.保存数据的时候需要使用字符集

​	2.数据传输的时候也需要使用字符集

​	3.在存储的时候使用字符集

​				1.在MySQL的服务器上，在数据库中，在表的使用上，在字段的设置上。

​				2.在服务器安装的时候，可以指定默认的字符集

**2、常见的字符集**

- ASCII：基于罗⻢字⺟表的⼀套字符集, 它采⽤1个字节的后7位表示字符, ⾼位始终为0。
- LATIN1: 相对于ASCII字符集做了扩展, 仍然使⽤⼀个字节表示字符, 但**启⽤了⾼位**, 扩展了字符集的表示范围。
- GB2312: 简体中⽂字符, ⼀个汉字最多占⽤**2**个字节
- GB: 只是所有的中⽂字符, ⼀个汉字最多占⽤2个字节
- UTF8: 国际通⽤编码, ⼀个汉字最多占⽤3个字节
- UTF8MB4(utf16): 国际通⽤编码, 在utf8的基础上加强了对新⽂字识别, ⼀个汉字最多占⽤4个字节

```mysql
/* gbk字符集最⼤字符串⻓度: 65535/2 -1   因为⼀个汉字最多占⽤2个字节*/
create table test(
 text varchar(32766)
) charset=gbk;
/* utf8字符集最⼤字符串⻓度: 65535/3 -1  ⼀个汉字最多占⽤3个字节*/
create table test1(
 text varchar(21844)
) charset=utf8;
/* utf8mb4字符集最⼤字符串⻓度: 65535/4 -1  ⼀个汉字最多占⽤4个字节 */
create table test2(
 text varchar(16382)
) charset=utf8mb4;
```

**3、查看当前mysql系统支持的字符集**

`show variables like 'charaset_%';`  在这里%是通配符

```mysql
show variables like 'character_%';                  
+--------------------------+----------------------------+
| Variable_name            | Value                      |
+--------------------------+----------------------------+
| character_set_client     | utf8 客户端来源数据使⽤的字符集 |
| character_set_connection | utf8  连接层字符集           |
| character_set_database   | latin1当前选中的数据库的默认字符集|
| character_set_filesystem | binary⽂件系统字符集          |
| character_set_results    | utf8 查询结果使⽤的字符集      |
| character_set_server     | latin1默认的内部操作字符集     |
| character_set_system     | utf8 系统元数据(字段名、表名等)的字符集|
| character_sets_dir       | /usr/share/mysql/charsets/ |
+--------------------------+----------------------------+
```

**4、修改当前的mysql系统的字符集编码**

- 全部修改

  - ​	`set names gbk` 

    ![1567510149887](C:\Users\lwq\Desktop\Mysql笔记\mysql中的编码与数据类型\1567510149887.png)

- 指定修改

  - `set character_set_client = gbk;`
  - `set character_set_results = gbk;`

- 这个只是临时性的修改，mysql断开连接以后，会恢复原状

## 二、校对集

在某⼀种字符集下, 为了使字符之间可以互相⽐较, 让字符和字符形成⼀种关系的合, 称之为校对集。

在字符（字符串）进行比较的时候起作用 

⽐如说 ASCII 中的 a 和 B, 如果区分⼤⼩写 a > B, 如果不区分 a < B;不同字符集有

同的校对规则, 命名约定：以其相关的字符集名开始, 通常包括⼀个语⾔名, 并且

_ci 、 _cs 或 _bin 结束。

- `_ci`:大小写不敏感
- `_cs`:大小写敏感
- `_bin`: binary collation ⼆元法, 直接⽐较字符的编码, **可以认为是区分⼤⼩写**的, 因为字符集中'A'和'a'的编码显然不同

```mysql
/* 数据库默认的排序⽅式,是升序 */
create table t1(
 str char(1)
) charset=utf8mb4 collate=utf8mb4_general_ci; -- _general_ci 后缀的都是不区分⼤⼩
写的
create table t2(
 str char(1)
) charset=utf8mb4 collate=utf8mb4_bin; -- 看到后缀边是_bin的都是区分⼤⼩的
/*Linux中Mysql是区分⼤⼩的
需要⾃⼰去配置
vim /etc/my.cnf
找到[mysqld]
1是不区分⼤⼩写,0是区分⼤⼩写
*/
lower_case_table_names=1

show character set; -- 查看字符集 和 校对集
show collation; -- 显示所有的校对集
```

## 三、mysql的数据类型

#### 1、整型

![1567510581051](C:\Users\lwq\Desktop\Mysql笔记\2.mysql中的编码与数据类型\1567510581051.png)

- 一个无符号数一定是非负数

```mysql
create table t3(
 age tinyint unsigned
);
```

- 显示宽度 (zerofill)

  ​	整型显示宽度，位数不足时用0填充（暂时不能显示）

  ```mysql
  create table t4(
   id int(10) zerofill primary key auto_increment,
   name char(32)
  );
  insert into t4 values(12345, '5个');
  insert into t4 values(1234567890, '10个');
  insert into t4 values(123456789012, '12个');
  select * from t4;
  ```


#### 2、浮点型

![](C:\Users\lwq\Desktop\Mysql笔记\2.mysql中的编码与数据类型\1567510779006.png)

定点数的位数更加长

使用方式：

- float(M,D)	M:10  D:3 ==> 1234567.890

- double(M,D)
- decimal(M,D)
- M是支持多少个长度，D是小数点后面的位数

```mysql
create table t5 (
 a float(10, 2),
 b double(10, 2),
 c decimal(10, 2)
);
```

#### 3、字符串类型

![1567510951375](C:\Users\lwq\Desktop\Mysql笔记\2.mysql中的编码与数据类型\1567510951375.png)

这里主要是`char`和`varchar`类型的区别

| Type       | Input     | Saved in DB | Size   | Desc                                   |
| ---------- | --------- | ----------- | ------ | -------------------------------------- |
| char(5)    | "a  "     | "a   "      | 5bytes | 固定占 5 字节, 不⾜的⽤空格补⻬        |
| VARCHAR(5) | "a   "    | "a"         | 2bytes | 字符占 1 字节, 额外⽤ 1 字节记录位⻓   |
| CHAR(5)    | "abc "    | "abc  "     | 5bytes | 保留结尾空格, 依然占 5 字节            |
| VARCHAR(5) | "abc "    | "abc"       | 4bytes | 删除结尾空格, 再加位⻓记录, 共占 4字节 |
| CHAR(5)    | "abcdefg" | "abcde"     | 5bytes | 截掉超出的字符, 抛错                   |
| VARCHAR(5) | "abcdefg" | "abcde"     | 6bytes | 截掉超出的字符, 再加位⻓记录, 抛错     |

注意：

字符串、浮点型等都可以随意指定⼤⼩, 那么是不是平时操作的时候随意指定⼀个就可以呢？
答：不是, 数据类型并不是越⼤越好, 越⼤的类型会造成数据臃肿, 存储空间占⽤过⼤, 数据检索也会变慢

#### 4、枚举（enum【erate】）

多选⼀的时候使⽤的⼀种数据类型
在前端使⽤单选框的时候, 枚举类型可以发挥作⽤
枚举类型的优点:

1. 限制值
2. 节省空间
3. 运⾏效率⾼

```mysql
create table t6(
 name varchar(32),
 sex enum('男','⼥','保密') default '保密' -- 此处只能写值，不能写1,2
);
-- 枚举类型的计数默认从1开始
insert into t6 set name='王宝强',sex=1; -- 此处可以写1,2
```

#### 5、集合（set）

SET最多可以有64个不同的成员。类似于复选框, 有多少可以选多少。

```mysql
create table t7 (
 name varchar(32),
 hobby set('吃','睡','玩','喝','抽')
);
insert into t7 values('张三','睡,抽,玩,吃,喝');
insert into t7 values('李四','睡,抽');
```

为什么不是⽤ set 类型?
		在现代⽹站开发中, 多选框的值有上千个, 值存储的空没有索引⽤的多
那复选框的问题怎么解决?
		将复选框的值单独设计成⼀张表

#### 6、时间类型

![1567511710956](C:\Users\lwq\Desktop\Mysql笔记\2.mysql中的编码与数据类型\1567511710956.png)

1、datetime

```mysql
create table datetime_test (
 create_at datetime
);
insert into datetime_test values('2019-4-2 16:54:00');-- iso规则
insert into datetime_test values('2019/4/2 16:54:00');
insert into datetime_test values(now());
-- 年份最⼤⽀持4个⻓度
insert into datetime_test values('10000/4/2 16:54:00'); -- 错误
insert into datetime_test values('9999/4/2 16:54:00');
```

2、time

```mysql
create table time_test (
 create_at time
);
insert into time_test values('12:12:12');
insert into time_test values('100:12:12');
insert into time_test values('-100:12:12');
insert into time_test values('10 10:12:12');
-- -838:59:59 - 838:59:59
insert into time_test values('839:12:12'); -- 错误的
```

3、timestamp 时间戳类型

- 时间戳类型在显示⽅⾯和datetime是⼀样的, 在存储上不⼀样

- 范围从 1970-1-1 0:0:0 到 2038-1-19 11:14:07

- 时间戳使⽤ 4 个字节表示
- 该值⼤⼩与存储的位⻓有关: 2 ** (4 * 8 - 1)

```mysql
create table timestamp_test (
 create_time timestamp
);
insert into timestamp_test values(now());
insert into timestamp_test values('2038-1-19 11:14:07');
insert into timestamp_test values('2038-1-19 11:14:08'); -- 错误
```

4、year

```mysql
create table `year`(
 create_at year
);
-- 从1900年开始 - 1900+255
insert into `year` values(now());
insert into `year` values('2155');
insert into `year` values('2156'); -- 错误
```

#### 7、布尔型

mysql中的bool类型也是1和0

```mysql
create table `bool`(
 cond boolean
);
insert into `bool` set cond=True; -- 成功
insert into `bool` set cond=False; -- 成功
insert into `bool` set cond=1; -- 成功
insert into `bool` set cond=10; -- 成功
insert into `bool` set cond=-1; -- 成功
insert into `bool` set cond=0; -- 成功
insert into `bool` set cond=0.1; -- 成功
insert into `bool` set cond='True'; -- 失败，不接受字符串，底层是int
```

#### 8、列的属性

- 插入的值是否可以为空

  - null:是可以为空，默认不写
  - not null:不可以为空，如果插入的时候，某个字段值为空，报错

  ```mysql
  create table null_test (
   id int primary key auto_increment,
   username varchar(32) not null,
   pwd varchar(16) null
  );
  insert into null_test values(null,null,null
  ```

- default

  - 默认值一般是和null做搭配的

  ```mysql
  create table default_test (
   id int primary key auto_increment,
   username varchar(32) default 'admin' not null,
   pwd varchar(16) default 123456
  );
  insert into default_test (username) values ('admin');
  ```

- auto_increment

  - 自动增长的列
  - 默认为1开始
  - 常配合主键使用

  ```mysql
  create table auto_inc (
   id int primary key auto_increment,
   name varchar(32)
  );
  insert into auto_inc (name) values ('aaa'), ('bbb'), ('ccc');
  select * from auto_inc;
  ```

- primary key

  - 主键一般是一个唯一的标识
  - 特性：不能为空，也不能重复，一张表当中只可以拥有一个主键
  - 当是联合主键时，可以有多个，不过是多个当作一个用

  ```mysql
  -- 这⾥只有⼀个主键,这种主键叫做联合主键, 在项⽬中使⽤较少
  create table double_pri_test (
   id int,
   sid int,
   primary key(id,sid)
  );
  insert into double_pri_test values (1, 1);
  insert into double_pri_test values (1, 2); -- 成功
  insert into double_pri_test values (2, 1); -- 成功
  insert into double_pri_test values (1, 1); -- 失败
  ```

- unique

  - 不要求自增，但要求唯一
  - 唯⼀键,保证列当中的每⼀个数据都不重复
  - 比如：邮箱不可以重复,⼿机号不可以重复

  ```mysql
  create table test_uniq (
   id int auto_increment primary key,
   mobile char(11) unique
  );
  insert into test_uniq set mobile=2233333333;
  ```

- comment

  - 注释：给开发者看的，一般用来对相应字段进行说明(解释)

  ```mysql
  create table test_cmt (
   ctime datetime comment '这个字段代表创建⽇期'
  );
  ```

#### 9、SQL注释

- 单行注释1： `-- 你好` 要有个空格的间隔
- 单行注释2：`# adadad` 尽可能少用
- 多行注释：`/* 嗨嗨 */`

## 四、MySQL的运算符

#### 算术运算符

```mysql
select 123 + 543, 321 * 5, -456 / 2, 10 % 3, 2 / 0, 3 % 0;
select a + b, c * 5, d / 2, 10 % 3, 2 / 0, 3 % 0 from xxx;
都是用在对表数据的处理
/* 输出:
+-----------+---------+-----------+--------+-------+-------+
| 123 + 543 | 321 * 5 | -456 / 2 | 10 % 3 | 2 / 0 | 3 % 0 |
+-----------+---------+-----------+--------+-------+-------+
| 666 | 1605 | -228.0000 | 1 | NULL | NULL |
+-----------+---------+-----------+--------+-------+-------+
1 row in set, 2 warnings (0.00 sec)
*/
```

### ⽐较运算符

![1567514692005](C:\Users\lwq\Desktop\Mysql笔记\2.mysql中的编码与数据类型\1567514692005.png)

#### 常规⽐较

```mysql
select 1=2, 2<3, 3<=4, 4>5, 5>=3, 8!=9, 8<>9, 'abc' = 'Abc', 'z' > 'a';
/* 输出:
+-----+-----+------+-----+------+------+------+---------------+-----------
+
| 1=2 | 2<3 | 3<=4 | 4>5 | 5>=3 | 8!=9 | 8<>9 | 'abc' = 'Abc' | 'z' > 'a'
|
+-----+-----+------+-----+------+------+------+---------------+-----------
+
| 0 | 1 | 1 | 0 | 1 | 1 | 1 | 1 | 1
|
+-----+-----+------+-----+------+------+------+---------------+-----------
+
1 row in set (0.00 sec)
*/
```

#### 范围比较

```mysql
select 123 between 100 and 200, 'b' in ('a', 'b', 'c');
/* 输出
+-------------------------+------------------------+
| 123 between 100 and 200 | 'b' in ('a', 'b', 'c') |
+-------------------------+------------------------+
| 1 | 1 |
+-------------------------+------------------------+
1 row in set (0.04 sec)
*/
```

#### null比较

```mysql
select 12 is null, 23 = null, null = null, null <=> null, null is null, 32
is not null;
/* 输出
+------------+-----------+-------------+---------------+--------------+---
-------------+
| 12 is null | 23 = null | null = null | null <=> null | null is null | 32
is not null |
+------------+-----------+-------------+---------------+--------------+---
-------------+
| 0 | NULL | NULL | 1 | 1 |
 1 |
+------------+-----------+-------------+---------------+--------------+---
-------------+
1 row in set (0.00 sec)
*/
```

#### 模糊比较

```mysql
select 'HelloWorld' like 'hello%';
/* 输出
+----------------------------+
| 'HelloWorld' like 'hello%' |
+----------------------------+
| 1 |
+----------------------------+
1 row in set (0.00 sec)
*/
```

### 逻辑运算符

| 运算符   | 作用     |
| :------- | -------- |
| NOT或！  | 逻辑非   |
| AND或&&  | 逻辑与   |
| OR或\|\| | 逻辑或   |
| XOR      | 逻辑异或 |

